Practice_Name
UNIDENTIFIED DOCTORS
HALBUTT STREET SURGERY
DR M FATEH'S PRACTICE
VENKAT HEALTH CENTRE
DR M GOYAL'S PRACTICE
FIVE ELMS MEDICAL PRACTICE
HEDGEMANS MEDICAL CENTRE
ST ALBANS SURGERY
BARKING MEDICAL GROUP PRACTICE
DR BK JAISWAL'S PRACTICE
DR P PRASAD'S PRACTICE
VICTORIA MEDICAL CENTRE
DR SZ HAIDER'S PRACTICE
JOHN SMITH MEDICAL CENTRE
KING EDWARDS MEDICAL CENTRE
LABURNUM HEALTH CENTRE
MARKS GATE HEALTH CENTRE
THE WHITE HOUSE SURGERY
DR C OLA'S PRACTICE
ABBEY MEDICAL CENTRE
HEATHWAY MEDICAL CENTRE
GABLES SURGERY
DR R CHIBBER'S PRACTICE
DR AA ANSARI'S PRACTICE
TULASI MEDICAL CENTRE
GREEN LANE SURGERY
THE V & M PRACTICE
DR AK MITTAL'S PRACTICE
DR GS KALKAT'S PRACTICE
DR A MOGHAL'S PRACTICE
DR KM ALKAISY PRACTICE
DR DP SHAH'S PRACTICE
HIGHGROVE SURGERY
DR A ARIF
SHIFA MEDICAL PRACTICE
PRIME PRACTICE PARTNERSHIP
DR M EHSAN
PORTERS AVENUE SURGERY
CHILD & FAMILY HEALTH CENTRE
PELC BARKING & DAGENHAM OOH
CRI B&D RECOVERY SERVICE
BARKING & DAGENHAM CCG
HEALTH 1000 LTD
TOGETHER FIRST
OAKLEIGH ROAD HEALTH CENTRE
LICHFIELD GROVE SURGERY
GREENFIELD MEDICAL CENTRE
SQUIRES LANE MEDICAL PRACTICE
HEATHFIELDE MEDICAL CENTRE
PHGH DOCTORS
THE SPEEDWELL PRACTICE
THE EVERGLADE MEDICAL PRACTICE
THE OLD COURT HOUSE SURGERY
CORNWALL HOUSE SURGERY
MILLWAY MEDICAL PRACTICE
LONGROVE SURGERY
WATLING MEDICAL CENTRE
ST. GEORGES MEDICAL CENTRE
TORRINGTON PARK GROUP PRACTICE
ST ANDREWS MEDICAL PRACTICE.
PENNINE DRIVE PRACTICE
SUPREME MEDICAL CENTRE
188 THE PRACTICE
PARKVIEW SURGERY
PENSHURST GARDENS SURGERY
THE VILLAGE SURGERY
OAK LODGE MEDICAL CENTRE
COLNEY HATCH LANE SURGERY
WENTWORTH MEDICAL PRACTICE.
VALE DRIVE MEDICAL PRACTICE
DERWENT CRESCENT MEDICAL CENTRE
JAI MEDICAL CENTRE
RAVENSCROFT MEDICAL CENTRE
WAKEMANS HILL SURGERY
DR MAKANJUOLA'S SURGERY
ADDINGTON MEDICAL CENTRE
FRIERN BARNET MEDICAL CENTRE
MULBERRY MEDICAL PRACTICE
LANGSTONE WAY SURGERY
EAST FINCHLEY MEDICAL CENTRE
LANE END MEDICAL GROUP
ADLER JS-THE SURGERY
EAST BARNET HEALTH CENTRE
BRUNSWICK PARK MEDICAL CENTRE
TEMPLE FORTUNE MEDICAL GROUP
STATION ROAD NEW BARNET SURGERY
EBHC DR P WESTON
CHERRY TREE SURGERY
EBHC DR CJ PESKIN
WATFORD WAY CENTRE LIMITED
COLINDALE MEDICAL CENTRE LP
THE MOUNTFIELD SURGERY
ROSEMARY SURGERY
BALLARDS LANE SURGERY
THE HODFORD ROAD PRACTICE
GLOUCESTER ROAD SURGERY
THE PHOENIX PRACTICE
DR LF MILLER
THE HILLVIEW SURGERY
MAKANJI HH-WOODCROFT MEDICAL CENTRE
DR SP TALPAHEWA
HOLLY PARK CLINIC
WOODLANDS MEDICAL PRACTICE
FINCHLEY WIC
EDGWARE WIC
ELDERLY DAY CARE CENTRE
CRICKLEWOOD HEALTH CENTRE
COMM GYNAECOLOGY CLINIC2
COMM DIABETES CLINIC
BARNET COPD SERVICE
NLHOSPICECARE TEAM
HENDON WAY SURGERY
DR AZIM & PARTNERS
BARNET CCG-CLCH (NMP)
BARNET FEDERATED GPS LIMITED
PARK END SURGERY
GOWER STREET PRACTICE
AMPTHILL PRACTICE
PRIMROSE HILL SURGERY
HAMPSTEAD GROUP PRACTICE
PRINCE OF WALES GROUP SURGERY
ADELAIDE MEDICAL CENTRE
CAVERSHAM GROUP PRACTICE
JAMES WIGG PRACTICE
THE REGENTS PARK PRACTICE
FOUR TREES SURGERY
GRAY'S INN ROAD MEDICAL CENTRE
RIDGMOUNT PRACTICE
THE BLOOMSBURY SURGERY
BRUNSWICK MEDICAL CENTRE UHPC
FORTUNE GREEN ROAD SURGERY
BROOKFIELD PARK SURGERY
WEST HAMPSTEAD MEDICAL CENTRE
PARLIAMENT HILL SURGERY
HOLBORN MEDICAL CENTRE
BRONDESBURY MEDICAL CENTRE
MUSEUM PRACTICE
CHOLMLEY GARDENS SURGERY
KEATS GROUP PRACTICE
QUEENS CRESCENT PRACTICE
DALEHAM GARDENS HEALTH CENTRE
KINGS CROSS SURGERY
BELSIZE PRIORY MEDICAL PRACTICE (GROUP)
SWISS COTTAGE SURGERY
ST PHILIPS MEDICAL CENTRE
THE MATTHEWMAN PRACTICE
ROSSLYN HILL SURGERY
SOMERS TOWN MEDICAL CENTRE
CAMDEN HEALTH IMPROVEMENT PRACTICE
CAMDEN INTEGRATED CARE SERVICE
CAMDEN COMMUNITY DERMATOLOGY - RFH
CAMDEN COMMUNITY NURSING
CAMDEN EXTENDED ACCESS SERVICE
LOWER CLAPTON GROUP PRACTICE
BARTON HOUSE GROUP PRACTICE
STAMFORD HILL GROUP PRACTICE
KINGSMEAD HEALTHCARE
THE NIGHTINGALE PRACTICE
LONDON FIELDS MEDICAL CENTRE
SOMERFORD GROVE PRACTICE
RICHMOND ROAD MEDICAL CENTRE
THE CEDAR PRACTICE
BEECHWOOD MEDICAL CENTRE
SOUTHGATE ROAD MEDICAL CENTRE
THE SORSBY HEALTH CENTRE
ATHENA MEDICAL CENTRE
THE DALSTON PRACTICE
WELL STREET SURGERY
DE BEAUVOIR SURGERY
FOUNTAYNE ROAD HEALTH CENTRE
THE LAWSON PRACTICE
THE LEA SURGERY
THE STATHAM GROVE SURGERY
QUEENSBRIDGE GROUP PRACTICE
THE HERON PRACTICE
ELSDALE STREET SURGERY
THE RIVERSIDE PRACTICE
THE WICK HEALTH CENTRE
SANDRINGHAM PRACTICE
ABNEY HOUSE MEDICAL CENTRE
THE GREENHOUSE WALK-IN
SHOREDITCH PARK SURGERY
THE SURGERY (BARRETTS GROVE)
THE NEAMAN PRACTICE
THE TOWER OF LONDON SURGERY
THE CLAPTON SURGERY
THE ELM PRACTICE
THE SURGERY (CRANWICH ROAD)
THE HOXTON SURGERY
THE SURGERY (BROOKE ROAD)
ROSEWOOD PRACTICE
THE ALLERTON ROAD SURGERY
LATIMER HEALTH CENTRE
HEALY MEDICAL CENTRE
TROWBRIDGE PRACTICE
TOLLGATE LODGE PRACTICE
DERMATOLOGY SERVICE
EAR NOSE & THROAT SERVICE
SPRING HILL PRACTICE
EXTENDED ACCESS PRIMARY CARE HUB
GP OUT OF HOURS BASE SERVICE OOH
MEDICUS HEALTH PARTNERS-FOREST RD GROUP
MEDICUS HEALTH PARTNERS-RILEY HOUSE
EAGLE HOUSE SURGERY
KEATS SURGERY
DOVER HOUSE SURGERY
COCKFOSTERS MEDICAL CTRE
THE WOODBERRY PRACTICE
THE ORDNANCE UNITY CENTRE FOR HEALTH
MEDICUS HEALTH PARTNERS-DEAN HOUSE
WHITE LODGE MEDICAL PRACTICE
MEDICUS HEALTH PARTNERS-CARLTON HOUSE
ABERNETHY HOUSE SURGERY
SOUTHGATE
WINCHMORE HILL PRACTICE
HIGHLANDS PRACTICE
MEDICUS HEALTH PARTNERS-WILLOW HOUSE
RAINBOW PRACTICE
BOUNDARY COURT SURGERY
THE BOUNCES ROAD SURGERY
MEDICUS HEALTH PARTNERS-MOORFIELD ROAD
PARK LODGE MEDICAL CENTRE
MEDICUS HEALTH PARTNERS-CONNAUGHTSURGERY
NIGHTINGALE HOUSE SURGERY
GROVELANDS MEDICAL CENTRE
MEDICUS HEALTH PARTNERS-FREEZYWATER PCC
BINCOTE SURGERY
EAST ENFIELD PRACTICE
THE NORTH LONDON HEALTH CENTRE
MORECAMBE SURGERY
MEDICUS HEALTH PARTNERS-SOUTHBURY
BRICK LANE SURGERY
MEDICUS HEALTH PARTNERS- BUSH HILL PARK
LATYMER ROAD SURGERY
DR ME SILVER'S PRACTICE
BOUNDARY HOUSE SURGERY
TOWN SURGERY
MEDICUS HEALTH PARTNERS-GREEN STREET
CHALFONT ROAD SURGERY
MEDICUS HEALTH PARTNERS-CURZON AVENUE
TRINITY AVENUE SURGERY
OAKWOOD MEDICAL CENTRE
ARNOS GROVE MEDICAL CENTR
GILLAN HOUSE SURGERY
MEDICUS HEALTH PARTNERS-LINCOLN ROAD MED
MEDICUS HEALTH PARTNERS-ENFIELD ISLAND
BARNDOC (ENFIELD PATIENTS) OOH
ANGEL SURGERY
GREEN CEDARS MEDICAL CENTRE
EDMONTON GP WALK IN CENTRE
EVERGREEN PRIMARY CARE CENTRE
ENFIELD COMMUNITY GYNAECOLOGY SERVICE
ENFIELD COMMUNITY SERVICES
THE ENFIELD PAIN CLINICS
INTEGRATED RESPIRATORY SERVICE
PRIMARY CARE SEVEN DAY SERVICE
COM CRISIS RESPONSE SERV OOH
LAWRENCE HOUSE SURGERY
STAUNTON GROUP PRACTICE
TYNEMOUTH MEDICAL PRACTICE
HIGHGATE GROUP PRACTICE
CHARLTON HOUSE MEDICAL CENTRE
MORRIS HOUSE GROUP PRACTICE
PARK ROAD SURGERY
BRUCE GROVE PRIMARY HEALTH CARE CTR
SOMERSET GARDENS FAMILY HEALTH CENTRE
WESTBURY MEDICAL CENTRE
ARCADIAN GARDENS SURGERY
QUEENS AVENUE PRACTICE
HORNSEY PARK SURGERY
PHILIP LANE SURGERY (SIVA)
SPUR ROAD SURGERY
HAVERGAL SURGERY
CHRISTCHURCH HALL SURGERY
THE MUSWELL HILL PRACTICE
STUART CRESCENT HEALTH CENTRE
STUART CRESCENT MEDICAL PRACTICE
BOUNDS GREEN GROUP PRACTICE
THE 157 MEDICAL PRACTICE
CROUCH HALL ROAD SURGERY
FERNLEA SURGERY
TOTTENHAM HEALTH CENTRE
GROVE ROAD SURGERY
DOWSETT ROAD SURGERY
CHESHIRE ROAD SURGERY
MYDDLETON ROAD SURGERY
WEST GREEN ROAD SURGERY
THE ALEXANDRA SURGERY
ALLENSON HOUSE MEDICAL CENTRE
RUTLAND HOUSE SURGERY
THE OLD SURGERY
JS MEDICAL PRACTICE
ALTERNATIVE HEALTH CARE SCHEME
DERMATOLOGY GPSI
THE VALE PRACTICE
ST ANN'S ROAD SURGERY
QUEENSWOOD MEDICAL PRACTICE
BRIDGE HOUSE MEDICAL PRACTICE
THE CHESTNUTS PARK SURGERY
PRACTICE OPHTHALMOLOGY SERVICE HARINGEY
WHITTINGTON HEALTH (HARINGEY)
PILOT CENTRAL PROJECT WESTBURY AVENUE
FEDERATED4HEALTH
PILOT SE LOCALITY TELEPHONE APPOINTMENTS
HARINGEY PALLIATIVE CARE TEAM
TOTTENHAM HALE MEDICAL PRACTICE
HAIDERIAN MEDICAL CENTRE
CRANHAM VILLAGE SURGERY
THE GREEN WOOD PRACTICE
MAYLANDS HEALTHCARE
NORTH STREET MEDICAL CARE
PETERSFIELD SURGERY
ST EDWARDS MEDICAL CENTRE
WESTERN ROAD MEDICAL CENTRE
KUCCHAI
CENTRAL PARK SURGERY
THE UPSTAIRS SURGERY
THE NEW MEDICAL CENTRE
THE ROSEWOOD MEDICAL CENTRE
HIGH STREET SURGERY
WOOD LANE SURGERY
LYNWOOD MEDICAL CENTRE
DR SANOMI
DR VM PATEL
DR P & S POOLOGANATHAN
CHOWDHURY
UPMINSTER MEDICAL CENTRE
HORNCHURCH HEALTHCARE
SPRING FARM SURGERY
DR PM PATEL
DR GUPTA
MUNGO PARK SURGERY
HARLOW ROAD SURGERY
UPMINSTER BRIDGE SURGERY
DR ABDULLAH
CHASE CROSS MEDICAL CENTRE
MODERN MEDICAL CENTRE
DR JOSEPH
DR UBEROY
INGREBOURNE MEDICAL CENTRE
BERWICK SURGERY
CECIL AVENUE SURGERY
DR MARKS PRACTICE
RAHMAN & TSOI
JABBAR
PRASAD
CRANHAM HEALTH CENTRE
BILLET LANE MEDICAL PRACTICE
DR A PATEL
"THE ROBINS SURGERY, HAROLD HILL HEALTH C"
PELC EUCC OOH
KINGS PARK SURGERY
HAROLD WOOD WIC
HAVERING CCG
HAVERING HEALTH
SOUTH HORNCHURCH WALK IN CENTRE
RIVER PLACE HEALTH CENTRE
ARCHWAY MEDICAL CENTRE
ROMAN WAY MEDICAL CENTRE
THE GOODINGE GROUP PRACTICE
ISLINGTON CENTRAL MEDICAL CENTRE
ELIZABETH AVENUE GROUP PRACTICE
ST JOHNS WAY MEDICAL CENTRE
RITCHIE STREET GROUP PRACTICE
DRS BOWRY & BOWRY'S PRACTICE
ST PETER'S STREET MEDICAL PRACTICE
DR HAFFIZ
NEW NORTH HEALTH CENTRE
THE RISE GROUP PRACTICE
THE MILLER PRACTICE
TUFNELL PARK SURGERY
MILDMAY MEDICAL PRACTICE
THE MITCHISON ROAD SURGERY
THE NORTHERN MEDICAL CENTRE
KILLICK STREET HEALTH CENTRE
CITY ROAD MEDICAL CENTRE
CLERKENWELL MEDICAL PRACTICE
AMWELL GROUP PRACTICE
HIGHBURY GRANGE MEDICAL PRACTICE
THE VILLAGE PRACTICE
ANDOVER MEDICAL CENTRE
THE BEAUMONT PRACTICE
THE MEDICAL CENTRE
THE JUNCTION MEDICAL PRACTICE
CITY ROADS-CRISIS INTERVENTION
DR SEGARAJASINGHE
SOBELL MEDICAL CENTRE
PARTNERSHIP PRIMARY CARE CENTRE
STROUD GREEN MEDICAL CENTRE
HANLEY PRIMARY CARE CENTRE
COMMUNITY DERMATOLOGY SERVICE
THE ISIS PROJECT
ISLINGTON PCCS
ANGEL MEDICAL PRACTICE
HARMONI LTD OOH
WHITTINGTON HEALTH (ISLINGTON)
ISLINGTON GP FEDERATION
MARKET STREET HEALTH GROUP
THE SHREWSBURY CENTRE
STRATFORD VILLAGE SURGERY
ST. BARTHOLOMEWS SURGERY
UPTON LANE MEDICAL CENTRE
STAR LANE MEDICAL CENTRE
STRATFORD HEALTH CENTRE
BARKING ROAD MEDICAL CENTRE
CUSTOM HOUSE SURGERY
BOLEYN MEDICAL CENTRE
ESSEX LODGE
GREENGATE MEDICAL CENTRE
LATHOM ROAD MEDICAL CENTRE
THE GRAHAM PRACTICE
DR SAMUEL AND DR KHAN
THE FOREST PRACTICE
PLASHET ROAD MEDICAL CENTRE
MANOR PARK MEDICAL CENTRE
GLEN ROAD MEDICAL CENTRE
TOLLGATE MEDICAL CENTRE
CLAREMONT CLINIC
ABBEY ROAD MEDICAL PRACTICE
E12 HEALTH
THE PROJECT SURGERY
LORD LISTER HEALTH CENTRE
BIRCHDALE ROAD MEDICAL CENTRE
LUCAS AVENUE PRACTICE
CUMBERLAND MEDICAL CENTRE
SANGAM PRACTICE
DR CM PATEL'S SURGERY
WEST HAM MEDICAL PRACTICE
THE RUIZ MEDICAL PRACTICE
NEWHAM MEDICAL CENTRE
WESTBURY ROAD MEDICAL PRACTICE
LEYTONSTONE ROAD MEDICAL CENTRE
ESK ROAD MEDICAL CENTRE
EAST END MEDICAL CENTRE
UPPER ROAD MEDICAL CENTRE
BALAAM STREET PRACTICE
DR SKS SWEDAN
DR T LWIN
EAST HAM MEDICAL CENTRE
ROYAL DOCKS MEDICAL PRACTICE
WOODGRANGE MEDICAL PRACTICE
THE MANOR PARK PRACTICE
DR PCL KNIGHT
BOLEYN ROAD PRACTICE
THE AZAD PRACTICE
NEWHAM GP CO-OP OOH
E12 MEDICAL CENTRE
NEWHAM TRANSITIONAL PRACTICE
DR T KRISHNAMURTHY
THE SUMMITT PRACTICE
NEWHAM NHS URGENT CARE CENTRE
LANTERN HEALTH-CARPENTERS PRACTICE
COMMUNITY DERMATOLOGY CLINIC
CUSTOM HOUSE MINOR SURGERY
GREENGATE MINOR SURGERY
DMC VICARAGE LANE
THE PRACTICE ALBERT ROAD
GYNAECOLOGY SERVICES
PATIENT FIRST SOCIAL ENTERPRISE
COMMUNITY HEALTH NEWHAM
LIBERTY BRIDGE ROAD PRACTICE
THE FOREST EDGE PRACTICE
GANTS HILL MEDICAL CENTRE
THE PALMS MEDICAL CENTRE
FULLWELL CROSS MED. CTR.
RYDAL
THE BROADWAY SURGERY
GLEBELANDS PRACTICE
ILFORD MEDICAL CENTRE
THE EVERGREEN SURGERY
OAK TREE MEDICAL CENTRE
CHADWELL HEATH SURGERY
WANSTEAD PLACE SURGERY
"GREEN LANE, GOODMAYES MEDICAL PRACTICE"
BALFOUR ROAD SURGERY
THE WILLOWS PRACTICE
NEWBURY GROUP PRACTICE
THE ELMHURST PRACTICE
SOUTHDENE SURGERY
KENWOOD MEDICAL
ILFORD LANE SURGERY
THE EASTERN AVENUE MEDICAL CENTRE
HAINAULT SURGERY
GOODMAYES MEDICAL CENTRE
THE FULLWELL AVENUE SURGERY
THE HEATHCOTE PRIMARY CARE CENTRE
SEVEN KINGS PRACTICE
THE SHRUBBERIES MEDICAL CENTRE
CASTLETON ROAD HEALTH CENTRE
THE DRIVE SURGERY
THE COURTLAND SURGERY
YORK ROAD SURGERY
QUEEN MARY PRACTICE
RODING (LANE) SURGERY
CLAYHALL CLINIC
MATHUKIA'S SURGERY
CRANBROOK SURGERY
ST CLEMENT'S SURGERY
THE REDBRIDGE SURGERY
PAULZ SURGERY
FENCE PIECE ROAD MEDICAL CENTRE
ALDERSBROOK MEDICAL CENTRE
THE DOCTORS HOUSE
GROVE SURGERY
LOXFORD ACCESS SERVICE WIC
GRANVILLE MEDICAL CENTRE
DMC COMMUNITY DERMATOLOGY SERVICE
DMC COMMUNITY MINOR SURGERY SERVICE
PELC REDBRIDGE OOH
AT MEDICS - THE LOXFORD PRACTICE
REDBRIDGE CCG
HEALTHBRIDGE DIRECT
ALBION HEALTH CENTRE
THE MISSION PRACTICE
GOUGH WALK PRACTICE
RUSTON STREET CLINIC
JUBILEE STREET PRACTICE
ST.STEPHENS HEALTH CENTRE
WHITECHAPEL HEALTH CENTRE
HARLEY GROVE MEDICAL CTR.
BRAYFORD SQUARE SURGERY
STROUTS PLACE MEDICAL CENTRE
THE LIMEHOUSE PRACTICE
THE GROVE ROAD SURGERY
THE CHRISP STREET HTH CTR
THE WAPPING GROUP PRACTICE
THE SPITALFIELDS PRACTICE
BETHNAL GREEN HEALTH CTR.
HARFORD HEALTH CENTRE
CITY WELLBEING PRACTICE
MERCHANT STREET PRACTICE
XX PLACE HEALTH CENTRE
THE GLOBE TOWN SURGERY
ROSERTON STREET SURGERY
DOCKLANDS MEDICAL CENTRE
THE STROUDLEY WLK HTH CTR
EAST ONE HEALTH
TREDEGAR PRACTICE
ABERFELDY PRACTICE
ALL SAINTS PRACTICE
ISLAND HEALTH
ST.PAUL'S WAY MEDICAL CTR
THE BLITHEHALE MED.CTR.
ST. KATHERINE'S DOCK PRACTICE
HEALTH E1
TOWER HAMLETS SERVICE OOH
THE BARKANTINE PRACTICE
POLLARD ROW SURGERY
THE SAFE HAVEN SERVICE
ST ANDREWS HEALTH CENTRE
SMOKERS CLINIC
ST ANDREWS EXTENDED ACCESS HUB
BARKANTINE WALK-IN CTR
CHS NMP TOWER HAMLETS CCG
THGPCG SERVICE OOH
THE FIRS
HANDSWORTH MEDICAL PRACTICE
THE PENRHYN SURGERY
DR S PHILLIPS AND DR M PATEL PRACTICE
THE MANOR PRACTICE
THE ECCLESBOURNE PRACTICE
THE FOREST SURGERY
QUEENS ROAD MEDICAL CENTRE
THE ALLUM MEDICAL CENTRE
SMA MEDICAL PRACTICE
CRAWLEY ROAD MEDICAL CENTRE
HIGH ROAD SURGERY
DR UDUKU PRACTICE
ST JAMES MEDICAL PRACTICE LIMITED
LEYTON GREEN NEIGHBOURHOOD HS
LEYTON HEALTHCARE 4TH FLOOR
THE RIDGEWAY SURGERY
DR DHITAL PRACTICE
THE LYNDHURST SURGERY
ADDISON ROAD MEDICAL PRACTICE
THE OLD CHURCH SURGERY
DR MOHAMMED GREEN MAN MEDICAL CENTRE
LANGTHORNE HEALTH CENTRE
DR SHANTIR PRACTICE
CHURCHILL MEDICAL CENTRE
THE MICROFACULTY
THATCHED HOUSE MEDICAL CENTRE
WALTHAM FOREST COMM & FAM HTH SERV LTD
LIME TREE SURGERY
LARKSHALL MEDICAL CENTRE
HARROW ROAD GP CENTRE
HIGHAM HILL MEDICAL CENTRE
THE BAILEY PRACTICE
FRANCIS ROAD MEDICAL CENTRE
KINGS HEAD MEDICAL PRACTICE
KIYANI MEDICAL PRACTICE
LANGTHORNE SHARMA FAMILY PRACTICE
CLAREMONT MEDICAL CENTRE
HAMPTON MEDICAL CENTRE
VICARAGE ROAD MEDICAL CENTRE
SPECIALIST CHILDRENS SERVICE
CHINGFORD MEDICAL PRACTICE
SINNOTT ROAD SURGERY
COMMUNITY SPECIALIST DERMATOLOGY SERVICE
NELFT COMMUNITY DIABETES SERVICE
COMMUNITY SPECIALIST COLORECTAL SERVICE
PELC OOH
ORIENT PRACTICE
CSS GYNAECOLOGY SERVICE
CSS DERMATOLOGY SERVICE
WALTHAM FOREST CCG(NMP-COMMUNITY HEALTH)
ENHANCED GP SERVICE
URGENT CARE CENTRE (NELFT)
NELFT OOH
HACKNEY RECOVERY SERVICE
ENFIELD SUBSTANCE MISUSE SERVICES
WDP HAVERING
HARROW DARS WDP
BARNET RECOVERY CENTRE FINCHLEY WDP
BARNET RECOVERY CENTRE EDGWARE WDP
COMMUNITY ENT SERVICE
ADDACTION COVENTRY
ADDACTION CORNWALL CENTRAL
ADDACTION NUNEATON
ADDACTION RUGBY
ADDACTION LEAMINGTON
ADDACTION STRATFORD
ADDACTION EXETER
ADDACTION NORTH DEVON
ADDACTION SOUTH DEVON
ADDACTION - HEREFORDSHIRE
ADDACTION SHROPSHIRE
ADDACTION HARTLEPOOL
TURNING POINT SOMERSET
TURNING POINT ASHFORD
TURNING POINT CANTERBURY
TURNING POINT DOVER
TURNING POINT SITTINGBOURNE
TURNING POINT THANET
TURNING POINT MEDWAY
TURNING POINT CROYDON RECOVERY NETWORK
CHESTER RECOVERY SERVICE
ELLESMERE PORT RECOVERY SERVICE
NORTHWICH RECOVERY SERVICE
OXFORDSHIRE ROADS TO RECOVERY
BURY ST EDMUNDS-SUFFOLK RECOVERY SERVICE
SUFFOLK RECOVERY SERVICE - IPSWICH
SUFFOLK RECOVERY SERVICE - LOWESTOFT
TURNING POINT LEICESTER & LEICESTERSHIRE
WESTMINSTER DAWS
KENSINGTON AND CHELSEA DAWS
HAMMERSMITH AND FULHAM DAWS
HOMERTON NMP'S
CNWL-MK MEDICAL PRESCRIBER
WEST HAM LANE CLINIC
CRICKLEWOOD BROADWAY SURGERY
FORTY WILLOWS SURGERY
PREMIER MEDICAL CENTRE
THE LAW MEDICAL GROUP PRACTICE
UXENDON CRESCENT SURGERY
ST ANDREWS MEDICAL CENTRE
MAPESBURY MEDICAL GROUP
CHURCH END MEDICAL CENTRE
WILLOW TREE FAMILY DOCTORS
SUDBURY & ALPERTON MEDICAL CENTRE
THE STAG - HOLLYROOD PRACTICE
THE WILLESDEN MEDICAL CENTRE
PARK HOUSE MEDICAL CENTRE
THE LONSDALE MEDICAL CENTRE
BUCKINGHAM RD SURGERY
THE STONEBRIDGE PRACTICE
HARNESS HARLESDEN PRACTICE
AKSYR MEDICAL PRACTICE
BRENTFIELD MEDICAL CENTRE
ELLIS PRACTICE
CHALKHILL FAMILY PRACTICE
GLADSTONE MEDICAL CENTRE
KILBURN PARK MEDICAL CENTRE
THE FRYENT WAY SURGERY
BRAMPTON HEALTH CENTRE
STANLEY CORNER MEDICAL CENTRE
LANCELOT MEDICAL CENTRE
HAZELDENE MEDICAL CENTRE
CHURCH LANE SURGERY
FREUCHEN MEDICAL CENTRE
OXGATE GARDENS SURGERY
THE SHELDON PRACTICE
KINGSBURY HEALTH AND WELLBEING
STAVERTON SURGERY
LANFRANC MEDICAL CENTRE
WALM LANE SURGERY
PRESTON ROAD SURGERY
THE SUNFLOWER MEDICAL CENTRE
THE SURGERY
HILLTOP MEDICAL PRACTICE
ALPERTON MEDICAL CENTRE
PARK ROYAL MEDICAL PRACTICE
ROUNDWOOD PARK MEDICAL CENTRE
NEASDEN MEDICAL CENTRE
BLESSING MEDICAL CENTRE
THE EAGLE EYE
CHICHELE ROAD SURGERY
PRESTON MEDICAL CENTRE
THE TUDOR HOUSE MEDICAL CENTRE
SUDBURY SURGERY
CREST MEDICAL CENTRE
PEEL PRECINCT SURGERY
KINGS EDGE MEDICAL CENTRE
PEARL MEDICAL PRACTICE
WILLESDEN GREEN SURGERY
ST.GEORGES MEDICAL CENTRE
CHAMBERLAYNE RD SURGERY
ST LUKE'S HOSPICE
WEMBLEY PARK DRIVE MEDICAL CENTRE
BURNLEY PRACTICE
SMS MEDICAL PRACTICE
THE WEMBLEY PRACTICE
HARNESS & WILLESDEN GYNAEGOLOGICAL SVC
URGENT TREATMENT CENTRE
COMMUNITY NURSES BRENT CCG
COMMUNITY OPHTHALMOLOGY SERVICE
KILBURN PRIMARY CARE CO-OP LIMITED
GP EXTENDED ACCESS HUB SERVICE
THE ALLENDALE ROAD SURGERY
WATERSIDE MEDICAL CENTRE
KS MEDICAL CENTRE
HANWELL HEALTH CENTRE (STEWART)
NORTHFIELDS SURGERY
CROWN STREET SURGERY
YEADING MEDICAL CENTRE
CHEPSTOW GARDENS MEDICAL CENTRE
GORDON HOUSE SURGERY
HILLCREST SURGERY
GROSVENOR HOUSE SURGERY
HANWELL HEALTH CENTRE (NAISH)
EASTMEAD AVENUE SURGERY
BELMONT MEDICAL CENTRE
GREENFORD ROAD MED.CTR.
GREENFORD AVENUE FHP
HILLVIEW SURGERY
QUEENS WALK PRACTICE
WELCOME PRACTICE
WEST END SURGERY
THE BEDFORD PARK SURGERY
OLDFIELD FAMILY PRACTICE
CHISWICK FAMILY PRACTICE
DR SIVANESAN & PARTNER
ELMBANK SURGERY
HAMMOND ROAD SURGERY
BRUNSWICK ROAD MED.CTR.
MEDICAL CENTRE
ISLIP MANOR MEDICAL CENTRE
THE AVENUE SURGERY
LADY MARGARET ROAD MEDICAL CENTRE
ALLENBY CLINIC
THE MILL HILL SURGERY
MANDEVILLE MEDICAL CENTRE
THE ACTON HEALTH CENTRE
PERIVALE MEDICAL CLINIC
ELMTREES SURGERY
THE CUCKOO LANE PRACTICE
THE MWH PRACTICE
THE ARGYLE SURGERY
GURU NANAK MEDICAL CENTRE
THE FLORENCE ROAD SURGERY
THE CORFTON ROAD SURGERY
THE BARNABAS MEDICAL CTRE
THE MANSELL ROAD PRACTICE
ACTON TOWN MEDICAL CENTRE
SOMERSET MEDICAL CENTRE
ELTHORNE PARK SURGERY
WESTERN AVENUE SURGERY
THE SOUTHALL MEDICAL CTR.
THE VALE SURGERY
THE CHURCHFIELD ROAD SURGERY
MEADOW VIEW
SUNRISE MEDICAL CENTRE
EALING PARK HEALTH CENTRE
THE SALUJA CLINIC
THE HORN LANE SURGERY
CLOISTER ROAD SURGERY
DORMERS WELLS MEDICAL CENTRE
ACTON LANE MEDICAL CENTRE
THE BOILEAU ROAD SURGERY
GOODCARE PRACTICE
THE PITSHANGER LANE SURGERY
BROADMEAD SURGERY
THE TOWN SURGERY
NORTHOLT FAMILY PRACTICE
THE GROVE MEDICAL PRACTICE
MATTOCK LANE HEALTH CENTRE
THE NORTHCOTE MEDICAL CENTRE
THE LYNWOOD SURGERY
ST.GEORGES MEDICAL CTR.
JUBILEE GARDENS MEDICAL CENTRE
SOMERSET FHP O
FEATHERSTONE ROAD HEALTH CENTRE
LCW EALING CCG OOH
NURSING HOME SERVICES
UNSCHEDULED CARE SERVICE
EALING GP ACCESS CENTRES
THORNBURY ROAD CENTRE FOR HEALTH
ALBANY PRACTICE
ST.MARGARETS PRACTICE
HOUNSLOW MEDICAL CENTRE
DR SOOD'S PRACTICE
CARLTON SURGERY
CHISWICK HEALTH PRACTICE
MOUNT MEDICAL CENTRE
WEST4 GPS
TWICKENHAM PARK MEDICAL CENTRE
CRANFORD MEDICAL CENTRE
ST DAVIDS PRACTICE
BLUE WING FAMILY DOCTOR UNIT
CHESTNUT PRACTICE
KINGFISHER PRACTICE
FIRSTCARE PRACTICE
CLIFFORD HOUSE MEDICAL CENTRE
REDWOOD PRACTICE
CROSSLANDS SURGERY
PENTELOW PRACTICE
COLE PARK SURGERY
GREEN PRACTICE
WILLOW PRACTICE
BRENTFORD GROUP PRACTICE
CHISWICK FAMILY DRS PRACTICE
HOLLY ROAD MEDICAL CENTRE
JERSEY PRACTICE
GLEBE STREET SURGERY
ISLEWORTH CENTRE FOR HEALTH
WELLESLEY ROAD PRACTICE
GROVE PARK SURGERY
CLIFFORD ROAD SURGERY
GREENBROOK BEDFONT
GROVE VILLAGE MEDICAL CENTRE
MANOR HOUSE PRACTICE
SKYWAYS MEDICAL CENTRE
GILL MEDICAL PRACTICE
HOUNSLOW FAMILY PRACTICE
BATH ROAD SURGERY
HATTON MEDICAL PRACTICE
GREENBROOK CHINCHILLA
GREENBROOK MANOR
QUEENS PARK MEDICAL PRACTICE
BRENTFORD FAMILY PRACTICE
LITTLE PARK SURGERY
HMC HEALTH HESTON GREAT WEST
ARGYLE HEALTH-ISLEWORTH PRACTICE
GROVE PARK TERRACE SURGERY
SPRING GROVE MEDICAL PRACTICE
THE PRACTICE HEART OF HOUNSLOW
THE PRACTICE FELTHAM
URGENT CARE CENTRE HRCH
INTEGRATED COMMUNITY RESPONSE SERVICE
HOUNSLOW CCG - HRCH (NMP)
LCW HOUNSLOW CCG OOH
CHILD DEVELOPMENT TEAM HOUNSLOW
NORTH END MEDICAL CENTRE
"THE SURGERY, DR DASGUPTA & PARTNERS"
NORTH FULHAM SURGERY
RICHFORD GATE MEDICAL CENTRE
BROOK GREEN MEDICAL CENTRE
CASSIDY ROAD MEDICAL CENTRE
"THE MEDICAL CENTRE, DR JEFFERIES & PARTN"
ASHCHURCH SURGERY
HAMMERSMITH SURGERY
"THE SURGERY, DR MANGWANA & PARTNERS"
THE NEW SURGERY
"DR CANISIUS & DR HASAN, PARKVIEW CFH&W"
THE BUSH DOCTORS
BROOK GREEN SURGERY
SHEPHERDS BUSH MEDICAL CENTRE
"THE SURGERY, DR DAS & PARTNERS"
THE FULHAM MEDICAL CENTRE
GP AT HAND
STERNDALE SURGERY
SANDS END HEALTH CLINIC
"DR UPPAL & PARTN, PARKVIEW CTR FOR H&W"
PARK MEDICAL CENTRE
FULHAM CROSS MEDICAL CENTRE
"DR RK KUKAR, PARKVIEW CTR FOR H&W"
SALISBURY SURGERY
THE OLD OAK SURGERY
THE LILYVILLE SURGERY
ASHVILLE SURGERY
"THE MEDICAL CENTRE, DR KUKAR"
GPWSI DERMATOLOGY CLINIC
HAMMERSMITH & FULHAM CENTRES FOR HEALTH
CANBERRA OLD OAK SURGERY
"UCC, H&F CENTRES FOR HEALTH"
GP LED GYNAECOLOGY SERVICE
HAMMERSMITH & FULHAM CCG - CLCH (NMP)
PARSONS GREEN WIC
H&F CCGS WEEKEND PLUS SERVICE
LCW HAM+FUL CCG OOH
THE CIRCLE PRACTICE
KINGS ROAD SURGERY
SIMPSON HOUSE MEDICAL CENTRE
ENDERLEY ROAD MEDICAL CENTRE
BACON LANE SURGERY
STREATFIELD HEALTH CENTRE
ROXBOURNE MEDICAL CENTRE
THE PINN MEDICAL CENTRE
HONEYPOT MEDICAL CENTRE
THE PINNER ROAD SURGERY
THE NORTHWICK SURGERY
HATCH END MEDICAL CENTRE
THE STANMORE MEDICAL CENTRE
GP DIRECT
ELLIOTT HALL MEDICAL CTR.
THE SHAFTESBURY MEDICAL CENTRE
BELMONT HEALTH CENTRE
PINNER VIEW MEDICAL CENTRE
MOLLISON WAY SURGERY
KENTON BRIDGE MEDICAL CENTRE DR GOLDEN
THE CIVIC MEDICAL CENTRE
THE STREATFIELD MEDICAL CENTRE
KENTON CLINIC
ZAIN MEDICAL CENTRE
THE STANMORE SURGERY
ASPRI MEDICAL CENTRE
KENTON BRIDGE MEDICAL CENTRE - DR RAJA
HEADSTONE LANE MEDICAL CENTRE
HEADSTONE ROAD SURGERY
SAVITA MEDICAL CENTRE
ST. PETER'S MEDICAL CENTRE
THE ENTERPRISE PRACTICE
GPSI DERMATOLOGY SERVICE
HARROW HEALTH CIC GASTROENTEROLOGY GPWSI
HPCT CAS OPHTHALMOLOGY TP
CAS PAEDIATRICS
BRENT & HARROW SAFE HAVEN UNIT
ADHD SERVICE
FIRST CHOICE MEDICAL CARE
HARROW CCG COMMUNITY NURSES CLCH (NMP)
HHCIC EAST WIC
URGENT CARE CENTRE NORTHWICK PARK HOSP
MOUNTWOOD SURGERY
KINGSWAY SURGERY
THE OAKLAND MEDICAL CENTRE
THE DEVONSHIRE LODGE PRACTICE
HAREFIELD PRACTICE
YIEWSLEY FAMILY PRACTICE
OXFORD DRIVE MEDICAL CENTRE
WOOD LANE MEDICAL CENTRE
CEDARS MEDICAL CENTRE
CENTRAL UXBRIDGE SURGERY
THE PINE MEDICAL CENTRE
HAYES MEDICAL CENTRE
TOWNFIELD DOCTORS SURGERY
THE WARREN PRACTICE
YEADING COURT SURGERY
THE ABBOTSBURY PRACTICE
OTTERFIELD MEDICAL CENTRE
EASTBURY SURGERY
CEDAR BROOK PRACTICE
BRUNEL MEDICAL CENTRE
ST MARTINS MEDICAL CENTRE
CHURCH ROAD SURGERY
HILLINGDON HEALTH CENTRE
GLENDALE MEDICAL CENTRE
ACRE SURGERY
THE HIGH STREET PRACTICE
LADYGATE LANE MEDICAL PRACTICE
NORTH HYDE ROAD SURGERY
WILLOW TREE SURGERY
SHAKESPEARE HEALTH CENTRE
ACREFIELD SURGERY
CAREPOINT PRACTICE
WALLASEY MEDICAL CENTRE
WEST LONDON MEDICAL CENTRE
KINCORA DOCTORS SURGERY
QUEENS WALK MEDICAL CENTRE
DR MLR SIDDIQUI'S PRACTICE
ACORN MEDICAL CENTRE
HEATHROW MEDICAL CENTRE
SOUTHCOTE CLINIC
COMMUNITY DIABETES CLINIC
HESA MEDICAL CENTRE - Y00352
HAYES TOWN MEDICAL CENTRE
HILLINGDON CNWL PRESCRIBERS
METROHEALTH NETWORK LTD OOH
WELLCARE HEALTH LTD OOH
NORTH KENSINGTON MEDICAL CENTRE
THE REDCLIFFE SURGERY
WESTBOURNE GROVE MEDICAL CENTRE
THE GARWAY MEDICAL PRACTICE
STANHOPE MEWS SURGERY
HOLLAND PARK SURGERY
SHIRLAND ROAD MEDICAL CENTRE
THE GOLBORNE MEDICAL CENTRE
MEANWHILE GARDEN MEDICAL CENTRE
PORTLAND ROAD PRACTICE
ELGIN CLINIC
EMPEROR'S GATE CENTRE FOR HEALTH
EARLS COURT MEDICAL CENTRE
ROSARY GARDEN SURGERY
THE PRACTICE BEACON
"NAGARAJAN QUEENS PARK HEALTH CENTRE"
THE PEMBRIDGE VILLAS SURGERY
KINGS ROAD MEDICAL CENTRE
THE NOTTING HILL MEDICAL CENTRE
COLVILLE HEALTH CENTRE
GRAND UNION HEALTH CENTRE
THE CHELSEA PRACTICE
BAYSWATER MEDICAL CENTRE
THE ABINGDON HEALTH CENTRE
THE FORELAND MEDICAL CENTRE
ROYAL HOSPITAL CHELSEA
SCARSDALE MEDICAL CENTRE
KENSINGTON PARK MEDICAL CENTRE
LANCASTER GATE MEDICAL CENTRE
THE EXMOOR SURGERY
LAI CHUNG FONG QUEENS PARK HEALTH CENTRE
KNIGHTSBRIDGE MEDICAL CENTRE
BROMPTON MEDICAL CENTRE
EARLS COURT SURGERY
SRIKRISHNAMURTHY HARROW ROAD SURGERY
QUEENS PARK HEALTH CENTRE
THE GOOD PRACTICE
PORTOBELLO MEDICAL CENTRE
ST.QUINTIN HEALTH CENTRE
BARLBY SURGERY
HALF PENNY STEPS HEALTH CENTRE
ST CHARLES UCC CENTRE WIC
"HEALTH AND WELLBEING CENTRE, EARLS COURT"
HWB CENTRE EARLS COURT WIC
WEST LONDON CCG - CLCH (NMP)
HALF PENNY STEPS WIC
LCW WLCCG OOH
WLCCG EXTENDED HOURS HUBS
BELGRAVIA SURGERY
LITTLE VENICE MEDICAL CENTRE
PADDINGTON GREEN HEALTH CENTRE
MAIDA VALE MEDICAL CENTRE
LISSON GROVE HEALTH CENTRE
NORTH WEST LONDON MEDICAL CENTRE
PIMLICO HEALTH AT THE MARVEN SURGERY
CONNAUGHT SQUARE PRACTICE
COVENT GARDEN MEDICAL CENTRE
THE RANDOLPH SURGERY
CROMPTON MEDICAL CENTRE
FITZROVIA MEDICAL CENTRE
SOHO CENTRE FOR HEALTH AND CARE
CRAWFORD STREET SURGERY
ST JOHNS WOOD MEDICAL PRACTICE
MAYFAIR MEDICAL CENTRE
THIRD FLOOR LANARK ROAD MEDICAL CENTRE
IMPERIAL COLLEGE HEALTH CENTRE
NEWTON MEDICAL CENTRE
WESTMINSTER SCHOOL
THE ROYAL MEWS SURGERY
SOHO SQUARE GENERAL PRACTICE
MARYLEBONE HEALTH CENTRE
MILLBANK MEDICAL CENTRE
THE DOCTOR HICKEY SURGERY
WOODFIELD ROAD MEDICAL CENTRE
CAVENDISH HEALTH CENTRE
DR VICTORIA MUIR'S PRACTICE
WELLINGTON HEALTH CENTRE
GROUND FLOOR LANARK MEDICAL CENTRE
KINGS COLLEGE HEALTH CENTRE
GREAT CHAPEL STREET MEDICAL CENTRE
THE PASSAGE
SOHO WALK IN CENTRE (WIC)
THE WESTBOURNE GREEN SURGERY
WESTMINSTER DIABETES CENTRE
WESTMINSTER LDP
DR MAHER SHAKARCHI'S PRACTICE
TURNING POINT
CENTRAL LONDON CCG - CLCH (NMP)
LCW CLCCG OOH
CIS THREE BOROUGHS
CENTRAL LONDON EXTENDED HOURS HUBS
LCWUCC - IUC NCL
ST MARY'S HOSPITAL UCC
BARNSLEY HOSPITAL UCC
BMI CHAUCER HOSPITAL
BMI ESPERANCE HOSPITAL OOH
RESOURCE CENTRE
URGENT CARE CENTRE
DEPT OF REPRODUCTIVE & SEXUAL HEALTHCARE
HV & CHILD SERVICES NURSING
ADULT COMMUNITY NURSING
SPECIALIST NURSING SERVICES
HILLINGDON UCC
COMMUNITY DIABETES CLINICS
BRENT INTEGRATED DIABETES CARE TEAM
COMMUNITY GYNAECOLOGY CLINICS
COMMUNITY OPHTHALMOLOGY CLINICS
COMMUNITY UROLOGY CLINICS
COMMUNITY DERMATOLOGY CLINICS
WEST HERTS RESPIRATORY SERVICE
HERTFORDSHIRE COMMUNITY SEXUAL HEALTH
HARROW RAPID RESPONSE SERVICE
THE WESTWOOD SURGERY
BARNARD MEDICAL GROUP
CAIRNGALL MEDICAL PRACTICE
THE ALBION SURGERY
BELLEGROVE SURGERY
NORTHUMBERLAND HEATH MED.CTR.
LAKESIDE MEDICAL
INGLETON AVENUE SURGERY
WELLING MEDICAL PRACTICE
BEXLEY GROUP PRACTICE
PLAS MEDDYG SURGERY
DR THAVAPALAN AND PARTNERS
BULBANKS MEDICAL CENTRE
THE PARKSIDE
BURSTED WOOD SURGERY
STATION ROAD SURGERY
LYNDHURST ROAD MEDICAL CENTRE
BELVEDERE MEDICAL CENTRE
BEXLEY MEDICAL GROUP
WOODLANDS SURGERY
CROOK LOG SURGERY
SLADE GREEN MEDICAL CTR.
THANET ROAD SURGERY
SIDCUP MEDICAL CENTRE
RIVERSIDE SURGERY
CRAYFORD TOWN SURGERY
MILL ROAD SURGERY
ENDOSCOPY (GPSI) DR SK ROY
SUBSTANCE MISUSE SERVICE
PALLIATIVE CARE
URGENT CARE CENTRE (QMS)
COMMUNITY CARDIOLOGY SERVICE
URGENT CARE CENTRE (ERITH)
BEXLEY ANTICOAGULATION SERVICE
8 TO 8 TOP-UP HUB ERITH
8 TO 8 TOP-UP HUB QMH
SOUTH VIEW PARTNERSHIP
DYSART SURGERY
LINKS MEDICAL PRACTICE
STOCK HILL SURGERY
DERRY DOWNS SURGERY
SUMMERCROFT SURGERY
POVEREST MEDICAL CENTRE
MANOR ROAD SURGERY
FAMILY SURGERY
CHISLEHURST MEDICAL PRACTICE
EDEN PARK SURGERY
ST MARY CRAY PRACTICE
LONDON LANE CLINIC
ADDINGTON ROAD SURGERY
CORNERWAYS SURGERY
BROOMWOOD ROAD SURGERY
CHELSFIELD SURGERY
CHARTERHOUSE SURGERY
TRINITY MEDICAL CENTRE
SOUTHBOROUGH LANE SURGERY
BROMLEY COMMON PRACTICE
THE PARK PRACTICE
ELM HOUSE SURGERY
ST JAMES' PRACTICE
ROBIN HOOD SURGERY
FORGE CLOSE SURGERY
KNOLL MEDICAL PRACTICE
PICKHURST SURGERY
TUDOR WAY SURGERY
NORHEADS LANE SURGERY
BALLATER SURGERY
GILLMANS ROAD SURGERY
HIGHLAND ROAD SURGERY
WICKHAM PARK SURGERY
BANK HOUSE SURGERY
WHITEHOUSE SURGERY
ANERLEY SURGERY
OAKFIELD SURGERY
GREEN STREET GREEN MED CT
CROSS HALL SURGERY
SUNDRIDGE MEDICAL CENTRE
CRESCENT SURGERY
WOODLANDS PRACTICE
SAS
ST CHRISTOPHER'S HOSPICE
CATOR MEDICAL CENTRE
BROMLEY GP ALLIANCE
BROMLEY COMMUNITY ANTICOAGULATION CLINIC
BROMLEY COMMUNITY HEADACHE SERVICE
PORTLAND MEDICAL CENTRE
HEATHFIELD SURGERY
THE FARLEY ROAD MEDICAL PRACTICE
UPPER NORWOOD GROUP PRACTICE
NEW ADDINGTON GROUP PRACTICE
VIOLET LANE MEDICAL PRACTICE
THE ADDISCOMBE SURGERY
NORBURY HEALTH CENTRE (02)
SOUTH NORWOOD HILL MEDICAL CENTRE
NORTH CROYDON MEDICAL CENTRE
ST.JAMES'S MEDICAL CENTRE
OLD COULSDON MEDICAL PRACTICE
QUEENHILL MEDICAL PRACTICE
PARKSIDE GROUP PRACTICE
KESTON MEDICAL PRACTICE
BRIGSTOCK & SOUTH NORWOOD PARTNERSHIP
SELSDON PARK MEDICAL PRACTICE
FRIENDS ROAD MEDICAL PRACTICE
EVERSLEY MEDICAL CENTRE
LONDON ROAD MEDICAL PRACTICE
THORNTON HEATH HEALTH CENTRE
MORLAND ROAD SURGERY
WOODCOTE MEDICAL
PARKWAY HEALTH CENTRE (01)
ADDINGTON MEDICAL PRACTICE
HARTLAND WAY SURGERY
BROOM ROAD MEDICAL PRACTICE
THE HALING PARK PARTNERSHIP
ASHBURTON PARK MEDICAL CENTRE
THE WHITEHORSE PRACTICE
AUCKLAND SURGERY
STOVELL HOUSE SURGERY
MITCHLEY AVENUE SURGERY
LEANDER ROAD SURGERY
SHIRLEY MEDICAL CENTRE
EAST CROYDON MEDICAL CENTRE
FIELDWAY MEDICAL CENTRE
DOWNLAND SURGERY
HEADLEY DRIVE SURGERY
THE MOORINGS MEDICAL PRACTICE
THORNTON & VALLEY PARK SURGERY
BRAMLEY AVENUE SURGERY
PARCHMORE MEDICAL CENTRE
BRIGSTOCK FAMILY PRACTICE
MERSHAM MEDICAL CENTRE
SELHURST MEDICAL PRACTICE
COULSDON MEDICAL PRACTICE
SOUTH NORWOOD MEDICAL PRACTICE
SOUTH CROYDON MEDICAL CENTRE
FAIRVIEW MEDICAL CENTRE
BROUGHTON CORNER MEDICAL CENTRE
THE ENMORE PRACTICE
BIRDHURST MEDICAL PRACTICE
GREENSIDE MEDICAL PRACTICE
VALLEY PARK SURGERY
BROMLEY HEALTHCARE-CROYDON DIABETES
INTERMEDIATE DERMATOLOGY SERVICE
RAINBOW HEALTH CENTRE
THE PRACTICE SURGERIES LTD
COMMUNITAS CLINICS INTERMEDIATE ENT
CROYDON URGENT CARE CENTRE - VIRGIN CARE
COMMUNITY SPECIALIST NURSE PRESCRIBERS
COMMUNITY NURSE PRESCRIBERS
CROYDON GP - VIRGIN CARE OOH
WOODSIDE GROUP PRACTICE-CICS
PARKWAY MIU - AT MEDICS
PURLEY MIU - AT MEDICS
COUNTRY PARK PRACTICE
DENMARK ROAD SURGERY
CROYDON BOOTS ANTICOAGULATION SERVICE
CHS GP SERVICE OOH
CROYDON GP HUBS
CHS URGENT CARE CENTRE
MANOR BROOK PMS
COLDHARBOUR HILL PMS
GALLIONS REACH HEALTH CENTRE
BLACKHEATH STANDARD PMS
ELTHAM PALACE PMS
ROYAL ARSENAL MEDICAL CENTRE
HENLEY CROSS MEDICAL PRACTICE
PLUMSTEAD H/C PMS
VANBRUGH GROUP PRACTICE
DR V SANDRASAGRA'S PRACTICE
TRIVENI PMS
SHERARD ROAD MEDICAL CENTRE
ALL SAINTS MEDICAL CENTRE PMS
ABBEY WOOD SURGERY
ELTHAM PARK SURGERY
ST MARKS PMS
FAIRFIELD PMS
PRIMECARE PMS (SOUTH STREET)
GLYNDON PMS
BURNEY STREET PMS
VALENTINE HEALTH PARTNERSHIP
NEW ELTHAM AND BLACKFEN MEDICAL CENTRE
ABBEYSLADE PMS (DR CHAND)
CONWAY PMS
WAVERLEY PMS
PLUMBRIDGE MEDICAL CENTRE
MOSTAFA PMS
BANNOCKBURN SURGERY
DR V AGARWAL'S PRACTICE
BRISET CORNER SURGERY
THE SLADE SURGERY
ELMSTEAD MEDICAL CLINIC
ELTHAM MEDICAL PRACTICE
THE TRINITY MEDICAL CENTRE
QUEEN ELIZABETH URGENT CARE SERVICE
AT MEDICS
CRI GPWSI
GREENBROOK OOH
CLOVER HEALTH CENTRE
GREENWICH PENINSULA
GREENWICH COMMUNITY HOSPICE
GREENWICH CCG GP ACCESS HUB
CANBURY MEDICAL CENTRE
BRUNSWICK SURGERY
THE GROVES MEDICAL CENTRE
FAIRHILL MEDICAL PRACTICE
HOOK SURGERY
CENTRAL SURGERY
ST ALBANS MEDICAL CENTRE
THE ORCHARD PRACTICE
HOLMWOOD CORNER SURGERY
CHESSINGTON PARK SURGERY
ROSELAWN
BERRYLANDS SURGERY
RED LION ROAD SURGERY
KINGSDOWNE SURGERY
KINGSTON HEALTH CENTRE
LANGLEY MEDICAL PRACTICE
SUNRAY SURGERY
VILLAGE SURGERY
MANOR DRIVE MEDICAL CENTRE
WEST BARNES SURGERY
GP LED DERMATOLOGY SERVICE
GP LED ORTHOPAEDIC SERVICE
YOUR HEALTHCARE COMM. PRACT
YOUR HEALTHCARE NON MED PRES
KINGSTON PRIMARY CARE EXTENDED SERVICE
KINGSTON CCG SLDUC OOH
KINGSTON DEMENTIA SUPPORT SERVICE
STREATHAM HIGH PRACTICE
DR SHEILA SANTAMARIA
CLAPHAM FAMILY PRACTICE
STREATHAM COMMON GROUP PRACTICE
HERNE HILL GROUP PRACTICE
DR. MASTERTON'S SURGERY
NORTH WOOD GROUP PRACTICE
BRIXTON HILL GROUP PRACTICE
STOCKWELL GROUP PRACTICE
PAXTON GREEN GROUP PRACTICE
PALACE ROAD SURGERY
VALLEY ROAD SURGERY
HETHERINGTON GROUP PRACTICE
KNIGHTS HILL SURGERY SUITE 1
HURLEY AND RIVERSIDE PRACTICES
LAMBETH WALK GROUP PRACTICE
VASSALL MEDICAL CENTRE
SANDMERE PRACTICE
THE SOUTH LAMBETH RD PRACTICE
WATER LANE SURGERY
BECKETT HOUSE PRACTICE
THE VAUXHALL SURGERY
CLAPHAM PARK GROUP PRACTICE
NORWOOD SURGERY
STREATHAM PLACE SURGERY
BINFIELD ROAD SURGERY
THE CORNER SURGERY
THE DEERBROOK SURGERY
MAWBEY GROUP PRACTICE
THE TULSE HILL PRACTICE
MINET GREEN HEALTH PRACTICE
WATERLOO HEALTH CENTRE
BROCKWELL PARK SURGERY
THE EXCHANGE SURGERY
THE STREATHAM HILL GROUP PRACTICE
SPRINGFIELD MEDICAL CENTRE
GRAFTON SQUARE SURGERY
HERNE HILL ROAD MEDICAL PRACTICE
AKERMAN MEDICAL PRACTICE
THE OLD DAIRY HEALTH CENTRE
DR CURRAN & PARTNERS
EDITH CAVELL PRACTICE
DR WICKREMESINGHE SSG
RIVERSIDE MEDICAL PRACTICE
LONDON SHA PHP
EQUITABLE ACCESS
HETHERINGTON AT THE PAVILION
DIABETES INTERMEDIATE CARE TEAM
CCG PHARMACIST PRESCRIBERS
A&E DIVERSION SCHEME (LAMBETH WALK) WIC
NORTH HUB
SOUTH WEST HUB 1
SOUTH WEST HUB 2
SOUTH EAST HUB 1
A&E HUB
BELMONT HILL SURGERY
THE JENNER PRACTICE
SOUTH LEWISHAM GROUP PRACTICE
MORNINGTON SURGERY
THE QRP SURGERY
KINGFISHER MEDICAL CENTRE
LEWISHAM MEDICAL CENTRE
SYDENHAM GREEN GROUP PRACTICE
CLIFTON RISE FAMILY PRACTICE
BURNT ASH SURGERY
TORRIDON ROAD MEDICAL PRACTICE
MORDEN HILL SURGERY
BARING ROAD MEDICAL CENTRE
ST JOHNS MEDICAL CENTRE
LEE ROAD SURGERY
THE BROCKLEY ROAD SURGERY
HILLY FIELDS MEDICAL CENTRE
DOWNHAM FAMILY MEDICAL PRACTICE
WOOLSTONE MEDICAL CENTRE
NEW CROSS CENTRE (HURLEY GROUP)
SYDENHAM SURGERY
GROVE MEDICAL CENTRE
HONOR OAK GROUP PRACTICE
ICO HEALTH GROUP
VESTA ROAD SURGERY
WELLS PARK PRACTICE
TRIANGLE GROUP PRACTICE
BELLINGHAM GREEN SURGERY
NOVUM HEALTH PARTNERSHIP
VALE MEDICAL CENTRE
AMERSHAM VALE TRAINING PRACTICE
DEPTFORD SURGERY
OAKVIEW FAMILY PRACTICE
DR BK BATRA'S PRACTICE
WOODLANDS HEALTH CENTRE
NIGHTINGALE SURGERY
DEPTFORD MEDICAL CENTRE
SELDOC OOH
LEWISHAM GP LED HEALTH CENTRE
LEWISHAM DAT
WALDRON - HURLEY UNREGISTERED PRACT WIC
NEW CROSS HEALTH CENTRE
LEW GP EXTENDED ACCESS SERVICE
BROCKBANK (PARK ROAD)
BATES (PARKSHOT MEDICAL PRACTICE)
JEZIERSKI (SHEEN LANE)
JACKSON (ACORN)
YORK MEDICAL PRACTICE
LEE (PARADISE ROAD)
HUDSON (SEYMOUR HOUSE)
BHATIA (BROAD LANE)
FLOOD (ESSEX HOUSE)
JUBILEE SURGERY
O'FLYNN (HAMPTON WICK)
O'DONNELL (CROSS DEEP)
THE VINEYARD SURGERY
CROWLEY (NORTH ROAD)
SOOD (THE GREEN & FIR ROAD)
JOHAL (TWICKENHAM PARK)
JOHNSON (SHEEN LANE)
SARAJLIC (STAINES ROAD)
CHILDS (THAMESIDE)
SMITH (RICHMOND LOCK)
SAYER (RICHMOND GREEN)
HAMPTON HILL MEDICAL CENTRE
KUDRA (WOODLAWN)
CRANE PARK SURGERY
PALACCI (CASTELNAU)
FITZMAURICE (KEW)
DERMATOLOGY GPSWI
TEDDINGTON WALK IN CENTRE
BOTTING (GLEBE)
RTPCT DERMATOLOGY GPWSI
RTPCT GP-LED ENT SERVICE
DIABETES SERVICE TMH
HRCH NHS TRUST
GP OUT OF HOURS RCCG (EAST BERKS)
RICHMOND GP ALLIANCE
FOREST HILL GROUP PRACTICE
THE ACORN & GAUMONT HOUSE SURGERY
ST JAMES CHURCH SURGERY
DR RS DURSTON'S PRACTICE
TRAFALGAR SURGERY
FALMOUTH ROAD GROUP PRACTICE
PARKSIDE MEDICAL CENTRE
DMC CHADWICK ROAD
NEXUS HEALTH GROUP
QUEENS ROAD SURGERY
ST GILES SURGERY
SIR JOHN KIRK CLOSE SURGERY
ELM LODGE SURGERY
OLD KENT ROAD SURGERY
DR RHK SINHA'S PRACTICE
PENROSE SURGERY
SILVERLOCK MEDICAL CENTRE
THE THREE ZERO SIX MEDICAL CENTRE
BERMONDSEY AND LANSDOWNE MEDICAL MISSION
MANOR PLACE SURGERY
THE GRANGE ROAD PRACTICE
DR KK MISRA'S PRACTICE
THE HAMBLEDEN CLINIC
STERNHALL LANE SURGERY
MELBOURNE GROVE AND HAMBLEDEN PRACTICE
THE LISTER PRIMARY CARE CENTRE
ALBION STREET GROUP PRACTICE
BERMONDSEY SPA MEDICAL CENTRE
THE VILLA STREET MEDICAL CENTRE
BLACKFRIARS MEDICAL PRACTICE
THE GARDENS SURGERY
THE DULWICH MEDICAL CENTRE
THE LORDSHIP LANE SURGERY
THE NUNHEAD SURGERY
SURREY DOCKS HEALTH CENTRE
THE NEW MILL STREET SURGERY
AVICENNA HEALTH CENTRE
THE LISTER PRACTICE
DR AT BRADFORD'S PRACTICE
DR SMS HOSSAIN'S PRACTICE
ST GILES SURGERY DR PATEL
DR R SHARMA'S PRACTICE
DERMATOLOGY CLINIC AYLESBURY PARTNERSHIP
SOUTHWARK DIABETES COMMUNITY TEAM
HEALTH LOCALITY SERVICE
QUAY HEALTH EAC
THE NELSON MEDICAL PRACTICE
THE MITCHAM MEDICAL CENTRE.
FRANCIS GROVE SURGERY
WIMBLEDON VILLAGE PRACTICE
WIMBLEDON MEDICAL PRACTICE
WIDE WAY MEDICAL CENTRE
TAMWORTH HOUSE MEDICAL CENTRE.
ROWANS SURGERY
MORDEN HALL MEDICAL CENTRE
CRICKET GREEN MEDICAL PRACTICE
LAMBTON ROAD MEDICAL PRACTICE
CENTRAL MEDICAL CENTRE
JAMES O'RIORDAN MEDICAL CENTRE
STONECOT SURGERY
MITCHAM FAMILY PRACTICE
FIGGES MARSH SURGERY
RIVERHOUSE MEDICAL PRACTICE
GRAND DRIVE SURGERY
RAVENSBURY PARK MEDICAL CENTRE
THE VINEYARD HILL ROAD SURGERY
THE MERTON MEDICAL PRACTICE
COLLIERS WOOD SURGERY
ALEXANDRA SURGERY
DERMATOLOGY GPSI (MERTON)
GP LED HEALTH CENTRE
MERTON CCG-CLCH (NMP)
ST RAPHAEL'S HOSP (MERTON)
CLCH DIABETES - MERTON
MERTON CCG SLDUC OOH
CLCH HARI - MERTON
EAST MERTON ACCESS HUB
WEST MERTON ACCESS HUB
THE SURGERY - 48 MULGRAVE ROAD
THE G.P. CENTRE
THE CHESSER SURGERY
PARK ROAD MEDICAL CENTRE
BISHOPSFORD ROAD SURGERY
THE WRYTHE GREEN SURGERY
BENHILL & BELMONT PRACTICE
CARSHALTON FIELDS SURGERY
THE SURGERY-181 CARSHALTON ROAD
DR MUKTAR & DR AL-SANJARY
CHEAM GP CENTRE
THE HEALTH CENTRE
HACKBRIDGE MEDICAL CENTRE
CHEAM FAMILY PRACTICE
DR SUGUMAR AND PARTNER
SHOTFIELD MEDICAL PRACTICE
MANOR PRACTICE
WALLINGTON FAMILY PRACTICE
THE BEECHES SURGERY
WALLINGTON MEDICAL CENTRE
FACCINI HOUSE SURGERY
THE GROVE ROAD PRACTICE
GREEN WRYTHE SURGERY
ST RAPHAEL'S HOSP (SUTTON)
CHEAM FAMILY PRACTICE S/CARE SERVICE
SUTTON COMMUNITY SERVICES
CONTRACEPTION AND SEXUAL HEALTH (SUTTON)
SCS DIABETES SERVICE
SUTTON CCG SLDUC OOH
DERMATOLOGY GPSI (SUTTON)
ANTICOAGULATION GP ADVISER
WANDSWORTH MEDICAL CENTRE
THE FALCON ROAD MEDICAL CENTRE
QUEENSTOWN ROAD MEDICAL PRACTICE
MAYFIELD SURGERY
DR KOONER AND PARTNERS
THE ROEHAMPTON SURGERY
BEDFORD HILL FAMILY PRACTICE
THE GREYSWOOD PRACTICE
PUTNEYMEAD GROUP MEDICAL PRACTICE
EARLSFIELD SURGERY
BRIDGE LANE GROUP PRACTICE
CHATFIELD MEDICAL CENTRE
BROCKLEBANK GROUP PRACTICE
BATTERSEA RISE GROUP PRACTICE
STREATHAM PARK SURGERY
BALHAM HILL MEDICAL PRACTICE
ELBOROUGH STREET SURGERY
THE HEATHBRIDGE PRACTICE
THE ALTON PRACTICE
BALHAM PARK SURGERY
DANEBURY AVENUE SURGERY
LAVENDER HILL GROUP PRACTICE
THE HAIDER PRACTICE
BOLINGBROKE MEDICAL CENTRE (THMP)
TRIANGLE SURGERY
OPEN DOOR SURGERY
CLAPHAM JUNCTION MEDICAL PRACTICE
ST PAUL'S COTTAGE PRACTICE
BATTERSEA FIELDS PRACTICE
THURLEIGH ROAD PRACTICE
BALHAM HEALTH CENTRE
INNER PARK ROAD HEALTH CENTRE
BEGG PRACTICE
TOOTING BEC SURGERY
TOOTING SOUTH MEDICAL CENTRE
TUDOR LODGE HEALTH CENTRE
NIGHTINGALE HOUSE
THE PRACTICE FURZEDOWN
INTERMEDIATE ENT CLINIC
INTERMEDIATE CARE UNIT
WANDSWORTH CCG SLDUC OOH
WANDSWORTH COMMUNITY DERMATOLOGY SERVICE
CHARTFIELD SURGERY
GRAFTON MEDICAL PARTNERS
FRESH START CLINIC
THE JUNCTION HTH CTR-REGISTERED PATIENTS
QUEEN MARY'S POLYCLINIC WIC
THE JUNCTION HC - UNREGISTERED PATIENTS
KCA WANDSWORTH
WANDSWORTH COMMUNITY WARDS
MUSCULOSKELETAL INTERFACE ASSESSMT SVCE
CRI BROMLEYCOMMUNITY DRUGS PROJECT
PUBLIC HEALTH SERVICES
PRUH URGENT CARE CENTRE
BECKENHAM BEACON URGENT CARE CENTRE
NHS PRACTITIONER HEALTH PROGRAMME
GP HEALTH SERVICE
EAST KENT DRUG AND ALCOHOL SERVICE
ECK DERMATOLOGY CLINIC
COMMUNITY ENT SERVICE (HARINGEY)
BEDFORDSHIRE COMMUNITY DERMATOLOGY
HILLINGDON COMMUNITY DERMATOLOGY
MEDWAY COMMUNITY DERMATOLOGY
N MANCS COMM DERMATOLOGY
"S,C&T MANCS COMM DERMATOLOGY"
MID-SUSSEX COMMUNITY ENT SERVICE
COASTAL WEST SUSSEX COMM ENT SERVICE
GUY'S COMMUNITY ENT SERVICE
BARNET COMMUNITY ENT SERVICE
LEWISHAM AND GREENWICH COMM DERM SERVICE
GUILDFORD & WAVERLEY INT DERM SERVICE
IMPERIAL COMMUNITY DERMATOLOGY SERVICE
NEE INTEGRATED DERMATOLOGY SERVICE
COMMUNITAS CLINICS - SUSSEX DERMATOLOGY
MEDICAL RESPONSE TEAM OOH
BHC NON MEDICAL PRESCRIBERS
BROMLEY DIABETES SERVICE (BECKENHAM)
BROMLEY DIABETES SERVICE (ORPINGTON)
COMMUNITY PAEDIATRICIANS
C&RH BECKENHAM BEACON
SOUTHWARK PCT SERVICE (1)
COMMUNITY PAEDIATRICIANS-SOUTHWARK
REPRODUCTIVE AND SEXUAL HEALTH SERVICES
AT HOME SERVICE
GUY'S & ST THOMAS' COMMUNITY SERVICES
COMMUNITY DIABETES TEAM
COMMUNITY PAEDIATRICIANS-LAMBETH
TRINITY HOSPICE
CHILDRENS SERVICES
TISSUE VIABILITY
ACUTE MEDICINE DIR.
CHILDREN & YP DIR.
SPECIALIST MEDICINE DIR.
SURGERY DIR.
COMMUNITY SERVICES
UROLOGY
ENDOCRINOLOGY
TRAUMA AND ORTHOPAEDICS
GENERAL MEDICINE
GYNAECOLOGY
RESPIRATORY MEDICINE-MERTON CCG
RHEUMATOLOGY-MERTON CCG
DERMATOLOGY-MERTON CCG
CARDIOLOGY-MERTON CCG
UROLOGY-MERTON CCG
COLORECTAL SURGERY-MERTON CCG
GASTROENTEROLOGY-MERTON CCG
OPHTHALMOLOGY (MOOREFIELDS) - MERTON CCG
MINOR INJURIES UNTI (QMH)
HOMELESS ACTION IN BARNET
COLINDALE BURNT OAK HEALTHCARE LTD
SPECIAL ALLOCATION SCHEME
PBC SANOMI ENT
ADDACTION THURROCK
GPSI CARDIOLOGY SERVICE
EMERGENCY PALLIATIVE CARE OOH
EALING PCT MUSCULOSKELETAL SERVICE
PALLIATIVE CARE CONSULTANTS
TEENAGE ADVISORY SERVICE
ENT SERVICE - GPLHC
DR BPC PEIRIS' PRACTICE
WHANTS COMM ENT
CRYSTAL PALACE PHYSIO GROUP
HMP THAMESIDE
THERAPY SERVICES
COMMUNITY HEART FAILURE TEAM
RHEUMATOLOGY
ENFIELD COMMUNITY PAEDIATRIC SERVICES
DEPUTISING SERVICES
ADDACTION MID & EAST DEVON
K&W HEALTHCARE WIC
K&W HEALTHCARE CARE HOME TM
HARROW DIABETES INTEGRATED CARE
CROYDON ENT GPSI SERVICE
CHS URGENT CARE CENTRE PAEDIATRICS
HMP & YOI ISIS
CARDIOLOGY
HARMONI OOH CITY & HACKNEY
ENFIELD GERIATRICS
QMUL TOBACCO CESSATION SERVICE
ADHD CLINIC
SIC
WESTSIDE CONTRACEPTIVE SERVICES
WANDSWORTH CCG - CLCH (NMP)
WANDSWORTH SEXUAL HEALTH - CLCH
DAAT GPSI CLINIC - WOODSIDE HC
EAST HUB MERTON CCG GP ACCESS HUB
GPSI DERM CLINIC (SUTTON)
MERTON & WANDSWORTH COMM ENT SERVICE
HMP BRIXTON
REPRODUCTIVE & SEXUAL HEALTH DEPARTMENT
COMMUNITY PALLIATIVE CARE
GENERAL SURGERY
BELMONT WALK-IN CENTRE
BEXDOC GP SERVICE OOH
CIRCLE GREENWICH MSK
CITY & HACKNEY COMMUNITY ENT SERVICE
ENDOCRINOLOGY-MERTON CCG
NORTH LONDON HOSPICE
CLCHCOMMUROLOGY
WEST BARNET HEALTHCARE LIMITED
BARTS HEALTH NHS TRUST CHS
UCLH PATHWAY TO HOME
GYNAECOLOGY GPWSI - AA
ALEX CENTRE UNREGISTERED WIC
